{"cameraMode":{"drawMode":0,"name":"Shaded","section":"Shading Mode"},"sceneLighting":false,"audioPlay":false,"sceneViewState":{"showFog":true,"showMaterialUpdate":false,"showSkybox":true,"showFlares":true,"showImageEffects":true,"showParticleSystems":true},"in2DMode":false,"pivot":{"x":-1.3973616361618043,"y":1.1178052425384522,"z":-5.714385032653809},"rotation":{"x":-0.14716048538684846,"y":-0.05131813511252403,"z":0.007643332239240408,"w":-0.9877564311027527},"size":8.676332473754883,"orthographic":false}