{"cameraMode":{"drawMode":0,"name":"Shaded","section":"Shading Mode"},"sceneLighting":false,"audioPlay":false,"sceneViewState":{"showFog":true,"showMaterialUpdate":false,"showSkybox":true,"showFlares":true,"showImageEffects":true,"showParticleSystems":true},"in2DMode":false,"pivot":{"x":25.839656829833986,"y":5.698755741119385,"z":-23.87188148498535},"rotation":{"x":0.01265658624470234,"y":-0.9769076704978943,"z":0.2045447826385498,"w":0.060446128249168399},"size":6.2785491943359379,"orthographic":false}