{"cameraMode":{"drawMode":0,"name":"Shaded","section":"Shading Mode"},"sceneLighting":true,"audioPlay":false,"sceneViewState":{"showFog":true,"showMaterialUpdate":false,"showSkybox":true,"showFlares":true,"showImageEffects":true,"showParticleSystems":true},"in2DMode":false,"pivot":{"x":2.8510000705718996,"y":1.9880000352859498,"z":4.429999828338623},"rotation":{"x":-0.22092992067337037,"y":0.03329366445541382,"z":-0.007547264453023672,"w":-0.9746977090835571},"size":1.8842535018920899,"orthographic":false}