{"cameraMode":{"drawMode":0,"name":"Shaded","section":"Shading Mode"},"sceneLighting":false,"audioPlay":false,"sceneViewState":{"showFog":true,"showMaterialUpdate":false,"showSkybox":true,"showFlares":true,"showImageEffects":true,"showParticleSystems":true},"in2DMode":false,"pivot":{"x":-11.839587211608887,"y":-2.7529234886169435,"z":-5.539224147796631},"rotation":{"x":-0.05701490119099617,"y":0.9414966702461243,"z":-0.20599247515201569,"w":-0.260586678981781},"size":10.022493362426758,"orthographic":false}