{"cameraMode":{"drawMode":0,"name":"Shaded","section":"Shading Mode"},"sceneLighting":false,"audioPlay":false,"sceneViewState":{"showFog":true,"showMaterialUpdate":false,"showSkybox":true,"showFlares":true,"showImageEffects":true,"showParticleSystems":true},"in2DMode":false,"pivot":{"x":-4.0714921951293949,"y":1.7899999618530274,"z":-1.320831298828125},"rotation":{"x":-0.15773607790470124,"y":-0.002377126133069396,"z":0.0003794588556047529,"w":-0.987482488155365},"size":4.110024929046631,"orthographic":false}