{"cameraMode":{"drawMode":0,"name":"Shaded","section":"Shading Mode"},"sceneLighting":false,"audioPlay":false,"sceneViewState":{"showFog":true,"showMaterialUpdate":false,"showSkybox":true,"showFlares":true,"showImageEffects":true,"showParticleSystems":true},"in2DMode":false,"pivot":{"x":-12.344908714294434,"y":2.189013719558716,"z":-10.351356506347657},"rotation":{"x":0.08984299004077912,"y":0.8927688598632813,"z":-0.20517590641975404,"w":0.39091289043426516},"size":5.8227314949035648,"orthographic":false}