{"cameraMode":{"drawMode":0,"name":"Shaded","section":"Shading Mode"},"sceneLighting":false,"audioPlay":false,"sceneViewState":{"showFog":true,"showMaterialUpdate":false,"showSkybox":true,"showFlares":true,"showImageEffects":true,"showParticleSystems":true},"in2DMode":false,"pivot":{"x":-2.725536584854126,"y":-1.2430963516235352,"z":-0.32721996307373049},"rotation":{"x":-0.2573947310447693,"y":-0.022616514936089517,"z":0.006024438887834549,"w":-0.9660287499427795},"size":8.225846290588379,"orthographic":false}