{"cameraMode":{"drawMode":0,"name":"Shaded","section":"Shading Mode"},"sceneLighting":false,"audioPlay":false,"sceneViewState":{"showFog":true,"showMaterialUpdate":false,"showSkybox":true,"showFlares":true,"showImageEffects":true,"showParticleSystems":true},"in2DMode":false,"pivot":{"x":8.905747413635254,"y":-0.2829704284667969,"z":0.6075344085693359},"rotation":{"x":0.37978044152259829,"y":0.32222938537597659,"z":-0.14308710396289826,"w":0.8552565574645996},"size":22.615346908569337,"orthographic":false}