{"cameraMode":{"drawMode":0,"name":"Shaded","section":"Shading Mode"},"sceneLighting":false,"audioPlay":false,"sceneViewState":{"showFog":true,"showMaterialUpdate":false,"showSkybox":true,"showFlares":true,"showImageEffects":true,"showParticleSystems":true},"in2DMode":false,"pivot":{"x":9.638840675354004,"y":1.8463621139526368,"z":-6.5271453857421879},"rotation":{"x":-0.006432055961340666,"y":-0.9289333820343018,"z":0.36984145641326907,"w":-0.016154296696186067},"size":12.096770286560059,"orthographic":false}