{"cameraMode":{"drawMode":0,"name":"Shaded","section":"Shading Mode"},"sceneLighting":true,"audioPlay":false,"sceneViewState":{"showFog":true,"showMaterialUpdate":false,"showSkybox":true,"showFlares":true,"showImageEffects":true,"showParticleSystems":true},"in2DMode":false,"pivot":{"x":8.815590858459473,"y":-28.897764205932618,"z":19.51519203186035},"rotation":{"x":0.3844597041606903,"y":-0.05642608925700188,"z":0.023554230108857156,"w":0.921129584312439},"size":67.89027404785156,"orthographic":false}