{"cameraMode":{"drawMode":0,"name":"Shaded","section":"Shading Mode"},"sceneLighting":false,"audioPlay":false,"sceneViewState":{"showFog":true,"showMaterialUpdate":false,"showSkybox":true,"showFlares":true,"showImageEffects":true,"showParticleSystems":true},"in2DMode":false,"pivot":{"x":2.433366298675537,"y":2.7912402153015138,"z":-17.052467346191408},"rotation":{"x":-0.01418854296207428,"y":0.9842260479927063,"z":-0.14965605735778809,"w":-0.09330621361732483},"size":15.827253341674805,"orthographic":false}