{"cameraMode":{"drawMode":0,"name":"Shaded","section":"Shading Mode"},"sceneLighting":false,"audioPlay":false,"sceneViewState":{"showFog":true,"showMaterialUpdate":false,"showSkybox":true,"showFlares":true,"showImageEffects":true,"showParticleSystems":true},"in2DMode":false,"pivot":{"x":4.329999923706055,"y":1.7000000476837159,"z":-6.920000076293945},"rotation":{"x":0.3180723190307617,"y":0.04037286341190338,"z":-0.01355867087841034,"w":0.9471101760864258},"size":4.98895788192749,"orthographic":false}