{"cameraMode":{"drawMode":0,"name":"Shaded","section":"Shading Mode"},"sceneLighting":false,"audioPlay":false,"sceneViewState":{"showFog":true,"showMaterialUpdate":false,"showSkybox":true,"showFlares":true,"showImageEffects":true,"showParticleSystems":true},"in2DMode":false,"pivot":{"x":3.104304313659668,"y":-1.2157514095306397,"z":-1.0392322540283204},"rotation":{"x":-0.0683203861117363,"y":-0.9068170189857483,"z":0.16163834929466248,"w":-0.3832775354385376},"size":6.578550338745117,"orthographic":false}