{"cameraMode":{"drawMode":0,"name":"Shaded","section":"Shading Mode"},"sceneLighting":false,"audioPlay":false,"sceneViewState":{"showFog":true,"showMaterialUpdate":false,"showSkybox":true,"showFlares":true,"showImageEffects":true,"showParticleSystems":true},"in2DMode":false,"pivot":{"x":-5.156819820404053,"y":3.4000000953674318,"z":-9.227999687194825},"rotation":{"x":0.3180723190307617,"y":0.04037286341190338,"z":-0.01355867087841034,"w":0.9471101760864258},"size":4.988957405090332,"orthographic":false}